{"cameraMode":{"drawMode":0,"name":"Shaded","section":"Shading Mode"},"sceneLighting":true,"audioPlay":false,"sceneViewState":{"m_AlwaysRefresh":false,"showFog":true,"showSkybox":true,"showFlares":true,"showImageEffects":true,"showParticleSystems":true,"showVisualEffectGraphs":true,"m_FxEnabled":true},"in2DMode":false,"pivot":{"x":-33.48793411254883,"y":0.6855651140213013,"z":-14.152995109558106},"rotation":{"x":0.011289012618362904,"y":-0.8204805254936218,"z":-0.017352361232042314,"w":-0.571655809879303},"size":2.317497730255127,"orthographic":false}